experiment,seeds,params,RMSE_mean,RMSE_std,MAE_mean,MAE_std,sMAPE_mean,sMAPE_std,recent_RMSE_mean,recent_RMSE_std,best_epoch_mean,epochs_run_total,ens_RMSE,ens_recent_RMSE,flags,notes
E7_ctx336,5,37634,54.840959676323976,1.6983302146934125,40.25981790549829,1.2253937396595416,62.12333624348954,1.868536275269003,52.923527179644694,3.169178977188001,6.6,58,51.06765678318261,48.60662276381874,--trend-init exog --features engineered --seq-len 336,E2_exogtrend_feat with a 336-step context
E6_wider,5,126754,56.871530946070706,3.9163200074592277,42.206486575280685,3.48484983878745,66.45918006251519,2.518544043201417,54.70689225738823,4.002152986789722,6.6,58,51.61152392112266,48.28003697672022,--trend-init exog --features engineered --d-model 64 --d-ff 128,"E2_exogtrend_feat with d_model 64, d_ff 128"
E5_anchor_direct,3,38117,57.80655315267771,1.7519898168715748,42.78031211079526,0.8972821193004263,66.02410132729572,1.589237380811142,55.51479504074905,1.5892932270146558,6.0,33,54.6422823067634,51.61837520054616,--trend-init exog --features engineered --anchor --direct-exog,E2_exogtrend_feat + anchor + direct per-step covariate head
E2_exogtrend_feat,5,37634,57.87684918657958,2.1586602193573268,43.05649577857595,1.838784637513117,67.89215645141509,5.620497958139728,55.651125200747266,3.7089923526902546,6.2,56,53.08990644101994,51.28089913638923,--trend-init exog --features engineered,exog trend start + engineered features
E4_anchor,3,37636,58.95358061123858,0.304020229422484,43.587283847445384,1.0659429554205615,63.56368214982069,2.8442067258082835,57.6368823285651,1.5201747540037407,2.3333333333333335,22,56.487543231471655,55.82782081563605,--trend-init exog --features engineered --anchor,E2_exogtrend_feat + decaying anchor to last value
E2a_features_only,3,31777,67.73791457001968,2.4650120971467713,50.35026977583124,2.820940197112438,72.10699191913415,5.063599504473277,66.67680784113735,5.637555369733296,3.6666666666666665,26,64.03577628267848,61.251682627395404,--features engineered,"engineered features, original architecture"
E0_baseline,3,30625,68.27319816155259,2.4762875642560505,51.1914782713366,2.409068080105617,71.5682060568697,2.4715517320839364,68.19166753813546,4.829661054573453,8.666666666666666,40,65.23855140255704,64.52586209397253,,"original Autoformer, all external variables"
E1_exogtrend,3,32738,69.15931412264588,2.6764035945771845,52.45151590300426,3.180926420528189,68.8530253113441,0.17001605194734243,66.09118617475853,3.1676960124935163,2.0,21,66.49003996192818,62.18418170855566,--trend-init exog,covariate-conditioned decoder trend start
E3_log,3,37634,69.22589586519108,3.7121780390754,45.04174358147396,2.6430043446753526,51.62782988131855,2.174773568689772,65.73050232372675,1.3492496873338087,5.0,30,64.29754849370033,61.39768357210335,--trend-init exog --features engineered --target-transform log1p,E2 + log1p target with smearing
E0_direct_level,3,30819,70.20555636361843,3.795867353369892,53.19130414297954,3.6095999761072184,70.80548039215552,1.9499280640587198,70.87333307153585,6.826204327546329,6.333333333333333,33,67.17575357011489,66.16800800546783,--direct-exog --level-residual,previous best design
E0_none,3,29921,96.14226067208233,0.3536158667891215,71.47967487375887,0.1066694497139631,81.62715332744995,0.609701229567312,111.55902285373811,0.33350337736619634,1.0,18,96.0109548154294,111.44089065075154,--exog none,ablation: no external variables
