experiment,seed,run_dir,design,features,target_transform,flags,params,best_epoch,epochs_run,RMSE,MAE,sMAPE,recent_RMSE,recent_MAE,raw_negative_count,train_seconds,recorded_at
E0_baseline,0,runs/E0_baseline_s0,baseline,basic,none,,30625,1,6,71.1294232411568,53.95671020004023,69.32423042467258,73.56041688166454,54.76449403101247,926,5.5,2026-10-04 14:38:45
E0_baseline,1,runs/E0_baseline_s1,baseline,basic,none,,30625,9,14,66.96120548167593,49.5467014785945,71.16310579890498,66.81420669934948,47.3897600718989,1930,41.2,2026-10-04 14:39:53
E0_baseline,2,runs/E0_baseline_s2,baseline,basic,none,,30625,16,20,66.72896576182504,50.07102313537508,74.21728194703152,64.20037903339238,43.50021500386913,2729,71.2,2026-10-04 14:41:25
E0_none,0,runs/E0_none_s0,baseline,basic,none,--exog none,29921,1,6,95.88245561439336,71.35699979403378,81.24845851102887,111.4477631009161,91.99664375934516,0,5.2,2026-10-04 14:41:56
E0_none,1,runs/E0_none_s1,baseline,basic,none,--exog none,29921,1,6,96.54496382454128,71.53144736719649,82.3304834847365,111.29537157933352,90.45365863928352,0,5.1,2026-10-04 14:42:25
E0_none,2,runs/E0_none_s2,baseline,basic,none,--exog none,29921,1,6,95.99936257731233,71.55057746004636,81.30251798658445,111.93393388096476,92.1528322193895,0,5.2,2026-10-04 14:42:57
E0_direct_level,0,runs/E0_direct_level_s0,direct_level,basic,none,--direct-exog --level-residual,30819,1,6,74.07451322494343,56.82494687929675,70.56064130728555,73.77933899521544,56.22428892244144,844,5.5,2026-10-04 14:43:30
E0_direct_level,1,runs/E0_direct_level_s1,direct_level,basic,none,--direct-exog --level-residual,30819,2,7,70.05489086268929,53.14272832793853,68.989534689882,75.7656758607223,60.18766002991798,1086,10.2,2026-10-04 14:44:07
E0_direct_level,2,runs/E0_direct_level_s2,direct_level,basic,none,--direct-exog --level-residual,30819,16,20,66.48726500322255,49.60623722170335,72.86626517929899,63.07498435866984,41.66891844431433,2521,78.5,2026-10-04 14:45:49
E1_exogtrend,0,runs/E1_exogtrend_s0,exogtrend,basic,none,--trend-init exog,32738,1,6,70.59489094852313,53.054505429548485,68.92393184401084,69.07678967551452,51.08909103280536,1190,6.5,2026-10-04 14:46:23
E1_exogtrend,1,runs/E1_exogtrend_s1,exogtrend,basic,none,--trend-init exog,32738,3,8,66.07140428163255,49.01225192961283,68.65903291533402,62.76837709385628,45.39169945841489,1643,15.4,2026-10-04 14:47:06
E1_exogtrend,2,runs/E1_exogtrend_s2,exogtrend,basic,none,--trend-init exog,32738,2,7,70.81164713778193,55.28779034985145,68.97611117468743,66.4283917549048,50.78113836518511,783,11.0,2026-10-04 14:47:46
E2a_features_only,0,runs/E2a_features_only_s0,baseline,engineered,none,--features engineered,31777,6,11,66.63050419051964,48.91758192402509,77.8503048416186,60.71454058555528,41.87847902014274,3760,29.4,2026-10-04 14:48:42
E2a_features_only,1,runs/E2a_features_only_s1,baseline,engineered,none,--features engineered,31777,2,7,66.02082335154381,48.533185641743245,68.28622669303967,67.3950765974504,54.59532897143748,1639,10.4,2026-10-04 14:49:21
E2a_features_only,2,runs/E2a_features_only_s2,baseline,engineered,none,--features engineered,31777,3,8,70.5624161679956,53.60004176172537,70.18444422274418,71.92080634040637,57.216565067342174,1329,15.7,2026-10-04 14:50:06
E2_exogtrend_feat,0,runs/E2_exogtrend_feat_s0,exogtrend,engineered,none,--trend-init exog --features engineered,37634,15,20,56.33425844034414,40.83727679890895,73.17264465006839,55.59563816908875,38.94930003944404,3918,78.5,2026-10-04 14:51:55
E2_exogtrend_feat,1,runs/E2_exogtrend_feat_s1,exogtrend,engineered,none,--trend-init exog --features engineered,37634,7,12,55.58720391598,41.68285270897341,74.79985980478516,50.2238218562294,36.758778784752856,3575,37.8,2026-10-04 14:53:04
E2_exogtrend_feat,2,runs/E2_exogtrend_feat_s2,exogtrend,engineered,none,--trend-init exog --features engineered,37634,2,7,61.15882004483994,45.34548135000327,64.56195442694586,59.84412898992893,46.36460243538719,1530,11.5,2026-10-04 14:53:46
E3_log,0,runs/E3_log_s0,exogtrend,engineered,log1p,--trend-init exog --features engineered --target-transform log1p,37634,3,8,73.15079684929921,47.763474195249394,53.97028151562333,66.80399174163303,39.85614163764658,0,17.9,2026-10-04 14:54:35
E3_log,1,runs/E3_log_s1,exogtrend,engineered,log1p,--trend-init exog --features engineered --target-transform log1p,37634,4,9,65.77125570941999,42.48521577391936,49.67281178889241,64.21590789676844,40.03806031276845,0,22.9,2026-10-04 14:55:30
E3_log,2,runs/E3_log_s2,exogtrend,engineered,log1p,--trend-init exog --features engineered --target-transform log1p,37634,8,13,68.755635036854,44.87654077525313,51.24039633943991,66.17160733277883,38.392831367833466,0,43.9,2026-10-04 14:56:45
E4_anchor,0,runs/E4_anchor_s0,exogtrend_anchor,engineered,none,--trend-init exog --features engineered --anchor,37636,3,8,58.90161434090409,44.74572814432156,62.23372906297674,58.90459580457449,44.56897316134313,847,16.7,2026-10-04 14:57:32
E4_anchor,1,runs/E4_anchor_s1,exogtrend_anchor,engineered,none,--trend-init exog --features engineered --anchor,37636,2,7,58.67889294642893,42.64786801154593,66.82922218780087,58.05450463921924,44.37000672915717,2325,12.1,2026-10-04 14:58:15
E4_anchor,2,runs/E4_anchor_s2,exogtrend_anchor,engineered,none,--trend-init exog --features engineered --anchor,37636,2,7,59.28023454638271,43.368255386468654,61.62809519868446,55.95154654190158,42.32680071700452,1295,11.9,2026-10-04 14:58:57
E5_anchor_direct,0,runs/E5_anchor_direct_s0,exogtrend_direct_anchor,engineered,none,--trend-init exog --features engineered --anchor --direct-exog,38117,6,11,55.88645439275223,41.74700584509081,66.26084308407687,53.82957772904417,37.11037471017179,2299,33.5,2026-10-04 15:00:02
E5_anchor_direct,1,runs/E5_anchor_direct_s1,exogtrend_direct_anchor,engineered,none,--trend-init exog --features engineered --anchor --direct-exog,38117,10,15,58.21489257032222,43.23120946399117,67.48168744641954,55.72820983086354,41.88555122725225,2188,56.0,2026-10-04 15:01:29
E5_anchor_direct,2,runs/E5_anchor_direct_s2,exogtrend_direct_anchor,engineered,none,--trend-init exog --features engineered --anchor --direct-exog,38117,2,7,59.31831249495867,43.3627210233038,64.32977345139075,56.986597562339455,41.27088622280378,1818,11.6,2026-10-04 15:02:11
E6_wider,0,runs/E6_wider_s0,exogtrend,engineered,none,--trend-init exog --features engineered --d-model 64 --d-ff 128,126754,13,18,63.47637435556898,48.38698209429621,66.01046135260177,61.568099704163465,48.49927608666786,1242,95.9,2026-10-04 15:04:28
E6_wider,1,runs/E6_wider_s1,exogtrend,engineered,none,--trend-init exog --features engineered --d-model 64 --d-ff 128,126754,2,7,55.16755749066587,41.14410018831413,64.9682404153581,53.79894750833839,41.12358203645794,2095,16.1,2026-10-04 15:05:25
E6_wider,2,runs/E6_wider_s2,exogtrend,engineered,none,--trend-init exog --features engineered --d-model 64 --d-ff 128,126754,3,8,53.20783001333829,40.02527779063517,63.47247462758083,52.00620382051517,40.03039185471487,1895,23.3,2026-10-04 15:06:29
E7_ctx336,0,runs/E7_ctx336_s0,exogtrend,engineered,none,--trend-init exog --features engineered --seq-len 336,37634,4,9,55.4501229976264,41.33423232703871,60.25031113698729,55.060594046368415,44.95519325507819,1200,23.9,2026-10-04 15:07:26
E7_ctx336,1,runs/E7_ctx336_s1,exogtrend,engineered,none,--trend-init exog --features engineered --seq-len 336,37634,15,20,52.18552237606544,38.54339834802678,60.24144381059384,48.85739237163047,37.22878516188676,1609,86.5,2026-10-04 15:09:25
E7_ctx336,2,runs/E7_ctx336_s2,exogtrend,engineered,none,--trend-init exog --features engineered --seq-len 336,37634,8,13,54.17885475039971,39.563058091249445,64.24626284444635,52.28702811246327,39.80099728624565,2176,46.9,2026-10-04 15:10:45
E7_ctx336,3,runs/E7_ctx336_s3,exogtrend,engineered,none,--trend-init exog --features engineered --seq-len 336,37634,1,6,56.26160883762652,40.417205855404994,63.67331212960819,51.43339918258768,37.640420447355694,2128,6.8,2026-10-04 15:11:25
E7_ctx336,4,runs/E7_ctx336_s4,exogtrend,engineered,none,--trend-init exog --features engineered --seq-len 336,37634,5,10,56.12868941990178,41.441194905771496,62.20535129581204,56.979222185173626,44.02976326378055,1536,29.9,2026-10-04 15:12:29
E6_wider,3,runs/E6_wider_s3,exogtrend,engineered,none,--trend-init exog --features engineered --d-model 64 --d-ff 128,126754,9,14,55.689577335965744,40.43873695929682,67.94946231892595,54.419456337782215,39.53409891840518,2804,67.6,2026-10-04 15:14:18
E6_wider,4,runs/E6_wider_s4,exogtrend,engineered,none,--trend-init exog --features engineered --d-model 64 --d-ff 128,126754,6,11,56.81631553481464,41.03733584386109,69.89526159810931,51.74175391614194,34.854715019947605,3216,45.9,2026-10-04 15:15:45
E2_exogtrend_feat,3,runs/E2_exogtrend_feat_s3,exogtrend,engineered,none,--trend-init exog --features engineered,37634,1,6,58.36931274404559,43.1502289793175,63.931046928175576,58.187412317470574,44.28337553255331,1689,6.9,2026-10-04 15:16:23
E2_exogtrend_feat,4,runs/E2_exogtrend_feat_s4,exogtrend,engineered,none,--trend-init exog --features engineered,37634,6,11,57.93465078768822,44.26663905567662,62.99527644710042,54.40462467101869,42.159045485043684,1034,32.1,2026-10-04 15:17:25
