label,experiment,kind,members,declared_parameters_P,declared_epochs_E,ens_RMSE,ens_MAE,ens_sMAPE,ens_recent_RMSE,ens_recent_MAE,ens_recent_sMAPE,forecast_mean,forecast_min,forecast_max,zeros,created_at
E7_ctx336__checkpoint,E7_ctx336,checkpoint,5,188170,58,51.06765678318261,36.77806519903948,51.35174292733832,48.60662276381874,37.383126983774645,67.06117012521834,89.85191394226065,0.0988243745673145,258.80732298389484,0,2026-10-04 15:17:26
E6_wider__checkpoint,E6_wider,checkpoint,5,633770,58,51.61152392112266,37.92676785997863,53.4430897486031,48.28003697672022,35.48786058149495,62.59881927907062,86.64366469300525,0.452759525740629,245.44762469455776,0,2026-10-04 15:17:27
E5_anchor_direct__checkpoint,E5_anchor_direct,checkpoint,3,114351,33,54.64228230676339,39.80983677555357,55.243468067432886,51.61837520054616,36.01628589608869,61.24951932148734,80.66327861630282,0.5023528034113127,252.0306456946881,0,2026-10-04 15:17:27
E2_exogtrend_feat__checkpoint,E2_exogtrend_feat,checkpoint,5,188170,56,53.08990644101994,38.66486116719464,53.8111849107052,51.28089913638923,37.75520260204316,67.10626677637345,93.52621663148292,2.160177574597566,258.6417757552532,0,2026-10-04 15:17:28
E4_anchor__checkpoint,E4_anchor,checkpoint,3,112908,22,56.487543231471655,41.27461263926445,55.54865181032742,55.82782081563605,42.17519426992402,71.02082186376394,85.57704874873983,0.0,230.96095298131323,7,2026-10-04 15:17:28
E2a_features_only__checkpoint,E2a_features_only,checkpoint,3,95331,26,64.03577628267848,47.23749205759475,62.77975560915296,61.25168262739541,46.33591708353142,75.39115448633893,87.39304428411243,0.0,209.30668813929017,4,2026-10-04 15:17:29
E0_baseline__checkpoint,E0_baseline,checkpoint,3,91875,40,65.23855140255704,48.621564889738586,64.05263165775105,64.52586209397253,44.88110656265663,75.71913981241998,65.05902584895121,0.0,156.44670551368827,26,2026-10-04 15:17:29
E1_exogtrend__checkpoint,E1_exogtrend,checkpoint,3,98214,21,66.49003996192818,50.424797283430784,63.4932325816234,62.18418170855566,45.90000982374514,74.30630725372338,84.91712934007327,0.412282132046414,196.1271873238909,0,2026-10-04 15:17:29
E3_log__checkpoint,E3_log,checkpoint,3,112902,30,64.29754849370033,42.728079587962576,50.14927319057041,61.39768357210335,37.49091390344984,53.88919587811842,58.63341287049872,6.766691947370916,219.92288078734416,0,2026-10-04 15:17:30
E0_direct_level__checkpoint,E0_direct_level,checkpoint,3,92457,33,67.17575357011489,50.758386123047,64.54073152233717,66.16800800546783,48.71331536856967,76.80458066375132,73.99343195145954,0.0,150.08217524082002,19,2026-10-04 15:17:30
E0_none__checkpoint,E0_none,checkpoint,3,89763,18,96.0109548154294,71.35052759044295,81.44232954240822,111.44089065075154,91.47615486914808,106.70859086637716,65.29514209170796,57.987628891063416,79.08079938753949,0,2026-10-04 15:17:31
E7_ctx336__refit,E7_ctx336,refit,5,188170,91,51.06765678318261,36.77806519903948,51.35174292733832,48.60662276381874,37.383126983774645,67.06117012521834,93.71086489320524,3.8726578211965945,252.319760811576,0,2026-10-04 15:21:37
E6_wider__refit,E6_wider,refit,5,633770,91,51.61152392112266,37.92676785997863,53.4430897486031,48.28003697672022,35.48786058149495,62.59881927907062,67.91741558519095,2.4808260778547067,232.69671094055863,0,2026-10-04 15:26:38
E2_exogtrend_feat__refit,E2_exogtrend_feat,refit,5,188170,87,53.08990644101994,38.664861167194644,53.8111849107052,51.28089913638923,37.755202602043155,67.10626677637345,83.50679463717556,5.115912999235824,262.5877029042464,0,2026-10-04 15:30:17
