time_idx,value
43657,0.0
43658,5.3945888510063895
43659,8.013914211749977
43660,15.628969950931491
43661,11.494272753309133
43662,18.32031381936966
43663,35.47417813122063
43664,43.583942870709265
43665,51.71860710778379
43666,51.02352185053961
43667,53.99997281679743
43668,59.46326042768139
43669,58.53015730511445
43670,57.26001222267251
43671,67.60036101481325
43672,74.05160752333266
43673,86.58262483301961
43674,101.10635992515056
43675,111.41790564550244
43676,119.93717480968223
43677,125.59263629897691
43678,130.38016702973815
43679,133.06335724665115
43680,131.49557681298364
43681,134.7281396043233
43682,143.36087771183966
43683,133.44459459656605
43684,132.21464658301437
43685,133.9279041856605
43686,137.42049591156308
43687,140.11938163695646
43688,135.12134484713093
43689,140.04859213251302
43690,135.47443152566126
43691,126.22152863221913
43692,133.49746609986568
43693,133.14261712812723
43694,129.33433128296306
43695,129.7695229584253
43696,123.36250161755761
43697,116.5926779755421
43698,119.00451023012562
43699,125.67405099672592
43700,130.8476565857937
43701,135.82510892469043
43702,136.52105773267715
43703,136.46561994065047
43704,137.7929759365497
43705,142.01835408330578
43706,141.45203534070257
43707,145.9529619718867
43708,145.64932237129767
43709,140.28208650789603
43710,142.26302047722942
43711,145.23136381190758
43712,145.9002610130911
43713,150.92956970943027
43714,152.75245765054484
43715,156.06078280750052
43716,148.69086178286477
43717,150.21600067641782
43718,161.0261779206691
43719,164.56644901719358
43720,172.51180344070255
43721,181.13620110985602
43722,186.87449850109982
43723,192.4407300230727
43724,194.97990488104145
43725,195.44634139246108
43726,192.70449469439015
43727,194.54664604329133
43728,192.82822879263495
43729,184.63276950046327
43730,173.93471308585015
43731,172.6179579197559
43732,165.78440206729636
43733,160.75102195930583
43734,155.500801282102
43735,149.23581914957646
43736,150.38645855465091
43737,150.59698627016016
43738,143.80786944274624
43739,134.35784146616578
43740,128.50277523078552
43741,132.582676208563
43742,131.53047617402703
43743,124.78952328019085
43744,119.11093000062966
43745,109.9719995628693
43746,116.68598206157088
43747,114.13110086689922
43748,107.48055009546796
43749,124.62911940652768
43750,132.22765939937614
43751,150.14537900942275
43752,171.01750873887528
43753,184.81475943563436
43754,180.4118200967003
43755,180.82436454485185
43756,167.88571067885104
43757,162.3180769020674
43758,158.99095395089162
43759,156.85239083990476
43760,150.61769524564744
43761,154.58589228035206
43762,154.66013057365444
43763,138.38788389354784
43764,123.77846778401192
43765,104.40440368486432
43766,92.0252061754719
43767,91.12775768246614
43768,90.1273165513703
43769,89.24892572992407
43770,85.13119635692318
43771,98.29352204699254
43772,100.56566143369186
43773,111.3247044275872
43774,107.98653939654051
43775,119.993329971448
43776,107.19785227714945
43777,89.91361075256404
43778,89.17915678544908
43779,82.60442522780184
43780,73.56111070156909
43781,74.11040477138282
43782,68.9561248523809
43783,65.33421166543542
43784,89.50174442184509
43785,71.78259681616528
43786,73.67989630214188
43787,64.60888047575733
43788,67.2762939725213
43789,71.40889590909435
43790,78.78097716411426
43791,81.80282409957914
43792,81.5281811252557
43793,85.8165984762173
43794,88.18781677534517
43795,94.3307377699986
43796,93.53407837180885
43797,78.94196846884682
43798,71.70581118352519
43799,52.29616825237375
43800,44.79261072003799
43801,44.19160647378531
43802,37.39484492130262
43803,34.067213043670435
43804,27.518802187809186
43805,18.683113413461854
43806,13.826931752196373
43807,5.830641370155547
43808,2.1285479028234278
43809,0.0
43810,0.0
43811,0.0
43812,0.0
43813,0.0
43814,0.0
43815,0.0
43816,0.0
43817,0.0
43818,0.0
43819,0.0
43820,0.0
43821,0.0
43822,0.0
43823,0.0
43824,0.0
